<?xml version="1.0" encoding="UTF-8"?>
<beans xmlns="http://www.springframework.org/schema/beans"
	xmlns:context="http://www.springframework.org/schema/context"
	xmlns:mvc="http://www.springframework.org/schema/mvc"
	xmlns:xsi="http://www.w3.org/2001/XMLSchema-instance"
	xsi:schemaLocation="http://www.springframework.org/schema/beans
		http://www.springframework.org/schema/beans/spring-beans.xsd
		http://www.springframework.org/schema/context
		http://www.springframework.org/schema/context/spring-context.xsd
		http://www.springframework.org/schema/mvc
		http://www.springframework.org/schema/mvc/spring-mvc.xsd">

    <context:component-scan base-package="com.dreamchain.skeleton.web" />

	<mvc:annotation-driven />
	
	<mvc:view-controller path="/" view-name="home" />
	
	<bean class="org.springframework.web.servlet.view.InternalResourceViewResolver">
		<property name="prefix" value="/WEB-INF/views/" />
		<property name="suffix" value=".jsp" />
		<property name="contentType" value="text/html;charset=utf-8" />
	</bean>
	
	<mvc:resources mapping="/scripts/**" location="/scripts/" />
	<mvc:resources mapping="/styles/**" location="/styles/" />
	<mvc:resources mapping="/images/**" location="/images/" />
	
</beans>
