<?xml version="1.0" encoding="UTF-8"?>
<beans xmlns="http://www.springframework.org/schema/beans"
	xmlns:xsi="http://www.w3.org/2001/XMLSchema-instance"
	xmlns:context="http://www.springframework.org/schema/context"
	xmlns:tx="http://www.springframework.org/schema/tx"
	xsi:schemaLocation="http://www.springframework.org/schema/beans
		http://www.springframework.org/schema/beans/spring-beans.xsd
		http://www.springframework.org/schema/context
		http://www.springframework.org/schema/context/spring-context.xsd
		http://www.springframework.org/schema/tx
		http://www.springframework.org/schema/tx/spring-tx.xsd">

	<bean id="myDataSource" class="org.springframework.jdbc.datasource.DriverManagerDataSource">
		<property name="driverClassName" value="org.h2.Driver" />
		<property name="url" value="${db.url}" />
	</bean>
	
	<bean id="mySessionFactory" class="org.springframework.orm.hibernate4.LocalSessionFactoryBean">
		<property name="dataSource" ref="myDataSource" />
		<property name="configLocation" value="classpath:hibernate.cfg.xml" />
		<property name="namingStrategy" ref="namingStrategy" />
		<property name="hibernateProperties">
			<props>
				<prop key="hibernate.show_sql">false</prop>
				<prop key="hibernate.hbm2ddl.auto">create</prop>
				<prop key="hibernate.dialect">org.hibernate.dialect.H2Dialect</prop>
			</props>
		</property>
	</bean>

	<tx:annotation-driven />

	<bean id="transactionManager" class="org.springframework.orm.hibernate4.HibernateTransactionManager">
		<property name="sessionFactory" ref="mySessionFactory" />
	</bean>

	<bean id="namingStrategy" class="org.hibernate.cfg.ImprovedNamingStrategy"/>
	
</beans>
